,year_film,year_ceremony,ceremony,category,name,film,winner,rating,genre,sentiment,subjectivity,likes,retweets
0,1927,1928,1,ACTOR,Richard Barthelmess,The Noose,False,None,drama,0.25083333333333335,0.5155555555555555,1.2999999999999998,0.7
1,1927,1928,1,ACTOR,Emil Jannings,The Last Command,True,3.97,history,0.22977777777777778,0.28755555555555556,4.1000000000000005,0.8
2,1927,1928,1,ACTRESS,Louise Dresser,A Ship Comes In,False,2.65,drama,0.642409523809524,0.5001746031746033,3.2000000000000006,1.0
3,1927,1928,1,ACTRESS,Janet Gaynor,7th Heaven,True,3.68,romance,0.2476904761904762,0.35860714285714285,14.0,1.5000000000000002
4,1927,1928,1,ACTRESS,Gloria Swanson,Sadie Thompson,False,3.55,romance,0.5470833333333334,0.3940277777777777,11.9,2.1
